50_50,bad_behaviour_card,ball_receipt_outcome,ball_recovery_offensive,ball_recovery_recovery_failure,block_deflection,block_offensive,carry_end_location,clearance_aerial_won,clearance_body_part,clearance_head,clearance_left_foot,clearance_right_foot,counterpress,dribble_nutmeg,dribble_outcome,dribble_overrun,duel_outcome,duel_type,duration,foul_committed_advantage,foul_committed_card,foul_won_advantage,foul_won_defensive,goalkeeper_body_part,goalkeeper_end_location,goalkeeper_outcome,goalkeeper_position,goalkeeper_shot_saved_off_target,goalkeeper_technique,goalkeeper_type,id,index,injury_stoppage_in_chain,interception_outcome,location,match_id,minute,off_camera,out,pass_aerial_won,pass_angle,pass_assisted_shot_id,pass_body_part,pass_cross,pass_deflected,pass_end_location,pass_goal_assist,pass_height,pass_inswinging,pass_length,pass_no_touch,pass_outcome,pass_outswinging,pass_recipient,pass_shot_assist,pass_switch,pass_technique,pass_through_ball,pass_type,period,play_pattern,player,player_id,position,possession,possession_team,possession_team_id,related_events,second,shot_aerial_won,shot_body_part,shot_deflected,shot_end_location,shot_first_time,shot_freeze_frame,shot_key_pass_id,shot_open_goal,shot_outcome,shot_saved_off_target,shot_statsbomb_xg,shot_technique,shot_type,substitution_outcome,substitution_replacement,tactics,team,team_id,timestamp,type,under_pressure
,,,,,,,,,,,,,,,,,,,0.456134,,,,,,,,,,,,24eb4de6-b214-4eeb-b521-229942cc5feb,280,,,"[108.1, 27.4]",3879595,5,,,,,,,,,,,,,,,,,,,,,,,1,From Goal Kick,Giuseppe Rossi,7141.0,Center Forward,14,Fiorentina,239,['c04d0a28-a043-4ff1-b33a-bff5ffbacaf9'],50,,Left Foot,,"[120.0, 30.5, 6.7]",True,"[{'location': [118.0, 37.1], 'player': {'id': 8274, 'name': 'Pierluigi Gollini'}, 'position': {'id': 1, 'name': 'Goalkeeper'}, 'teammate': False}, {'location': [99.9, 44.9], 'player': {'id': 31488, 'name': 'Vangelis Moras'}, 'position': {'id': 5, 'name': 'Left Center Back'}, 'teammate': False}, {'location': [97.5, 19.9], 'player': {'id': 7020, 'name': 'Jacopo Sala'}, 'position': {'id': 17, 'name': 'Right Wing'}, 'teammate': False}, {'location': [107.3, 28.4], 'player': {'id': 11342, 'name': 'Eros Pisano'}, 'position': {'id': 2, 'name': 'Right Back'}, 'teammate': False}, {'location': [88.0, 17.0], 'player': {'id': 11516, 'name': 'Manuel Pasqual'}, 'position': {'id': 8, 'name': 'Left Wing Back'}, 'teammate': True}]",f8bd94bc-6be0-40e6-a8eb-e8bcc74e1d77,,Off T,,0.061209112,Volley,Open Play,,,,Fiorentina,239,00:05:50.659,Shot,
,,,,,,,,,,,,,,,,,,,1.376608,,,,,,,,,,,,4898bd69-0846-43a6-aced-49f07ab257b1,518,,,"[91.8, 44.3]",3879595,10,,,,,,,,,,,,,,,,,,,,,,,1,Regular Play,Josip Iličić,7139.0,Right Attacking Midfield,24,Fiorentina,239,"['b26788a3-25e1-464c-8d35-1292992da16b', 'ca1805d8-f563-418d-8aec-66734be1f22c']",36,,Left Foot,,"[117.5, 45.0, 0.9]",True,"[{'location': [92.4, 43.3], 'player': {'id': 26220, 'name': 'Matuzalém Francelino da Silva'}, 'position': {'id': 10, 'name': 'Center Defensive Midfield'}, 'teammate': False}, {'location': [87.0, 45.4], 'player': {'id': 32119, 'name': 'Leandro Greco'}, 'position': {'id': 15, 'name': 'Left Center Midfield'}, 'teammate': False}, {'location': [91.0, 55.9], 'player': {'id': 26442, 'name': 'Boško Janković'}, 'position': {'id': 21, 'name': 'Left Wing'}, 'teammate': False}, {'location': [88.4, 36.8], 'player': {'id': 7949, 'name': 'Artur Ioniţă'}, 'position': {'id': 13, 'name': 'Right Center Midfield'}, 'teammate': False}, {'location': [86.4, 23.7], 'player': {'id': 7020, 'name': 'Jacopo Sala'}, 'position': {'id': 17, 'name': 'Right Wing'}, 'teammate': False}, {'location': [93.5, 40.7], 'player': {'id': 5558, 'name': 'Rafael Márquez Álvarez'}, 'position': {'id': 3, 'name': 'Right Center Back'}, 'teammate': False}, {'location': [96.1, 49.1], 'player': {'id': 7695, 'name': 'Samuel Souprayen'}, 'position': {'id': 6, 'name': 'Left Back'}, 'teammate': False}, {'location': [98.4, 44.3], 'player': {'id': 31488, 'name': 'Vangelis Moras'}, 'position': {'id': 5, 'name': 'Left Center Back'}, 'teammate': False}, {'location': [97.1, 35.7], 'player': {'id': 11342, 'name': 'Eros Pisano'}, 'position': {'id': 2, 'name': 'Right Back'}, 'teammate': False}, {'location': [117.8, 41.9], 'player': {'id': 8274, 'name': 'Pierluigi Gollini'}, 'position': {'id': 1, 'name': 'Goalkeeper'}, 'teammate': False}, {'location': [88.0, 39.8], 'player': {'id': 6997, 'name': 'Borja Valero Iglesias'}, 'position': {'id': 9, 'name': 'Right Defensive Midfield'}, 'teammate': True}, {'location': [81.9, 22.9], 'player': {'id': 11516, 'name': 'Manuel Pasqual'}, 'position': {'id': 8, 'name': 'Left Wing Back'}, 'teammate': True}, {'location': [90.6, 52.0], 'player': {'id': 5663, 'name': 'Jakub Błaszczykowski'}, 'position': {'id': 7, 'name': 'Right Wing Back'}, 'teammate': True}, {'location': [85.7, 34.4], 'player': {'id': 5255, 'name': 'Matías Vecino Falero'}, 'position': {'id': 11, 'name': 'Left Defensive Midfield'}, 'teammate': True}, {'location': [96.2, 39.8], 'player': {'id': 7141, 'name': 'Giuseppe Rossi'}, 'position': {'id': 23, 'name': 'Center Forward'}, 'teammate': True}, {'location': [96.3, 35.9], 'player': {'id': 7033, 'name': 'Nikola Kalinić'}, 'position': {'id': 20, 'name': 'Left Attacking Midfield'}, 'teammate': True}]",a4f07dda-d80f-4cee-80de-888fc6226769,,Saved Off Target,True,0.02831363,Normal,Open Play,,,,Fiorentina,239,00:10:36.832,Shot,True
,,,,,,,,,,,,,,,,,,,1.744037,,,,,,,,,,,,9ea58f65-09b3-4ef5-8e4d-3f8005d074ee,619,,,"[81.4, 46.6]",3879595,12,,,,,,,,,,,,,,,,,,,,,,,1,Regular Play,Matías Vecino Falero,5255.0,Left Defensive Midfield,29,Fiorentina,239,['e5dcd7d2-e2b1-4df4-828e-12f99bd6694f'],59,,Right Foot,,"[120.0, 52.1, 6.3]",,"[{'location': [118.3, 41.7], 'player': {'id': 8274, 'name': 'Pierluigi Gollini'}, 'position': {'id': 1, 'name': 'Goalkeeper'}, 'teammate': False}, {'location': [101.7, 48.3], 'player': {'id': 31488, 'name': 'Vangelis Moras'}, 'position': {'id': 5, 'name': 'Left Center Back'}, 'teammate': False}, {'location': [88.6, 58.4], 'player': {'id': 26442, 'name': 'Boško Janković'}, 'position': {'id': 21, 'name': 'Left Wing'}, 'teammate': False}, {'location': [87.3, 44.1], 'player': {'id': 7949, 'name': 'Artur Ioniţă'}, 'position': {'id': 13, 'name': 'Right Center Midfield'}, 'teammate': False}, {'location': [93.0, 50.7], 'player': {'id': 26220, 'name': 'Matuzalém Francelino da Silva'}, 'position': {'id': 10, 'name': 'Center Defensive Midfield'}, 'teammate': False}, {'location': [98.9, 68.0], 'player': {'id': 7695, 'name': 'Samuel Souprayen'}, 'position': {'id': 6, 'name': 'Left Back'}, 'teammate': False}, {'location': [98.3, 59.6], 'player': {'id': 32119, 'name': 'Leandro Greco'}, 'position': {'id': 15, 'name': 'Left Center Midfield'}, 'teammate': False}, {'location': [86.6, 23.9], 'player': {'id': 7020, 'name': 'Jacopo Sala'}, 'position': {'id': 17, 'name': 'Right Wing'}, 'teammate': False}, {'location': [99.7, 44.0], 'player': {'id': 5558, 'name': 'Rafael Márquez Álvarez'}, 'position': {'id': 3, 'name': 'Right Center Back'}, 'teammate': False}, {'location': [95.3, 32.4], 'player': {'id': 11342, 'name': 'Eros Pisano'}, 'position': {'id': 2, 'name': 'Right Back'}, 'teammate': False}, {'location': [96.0, 74.0], 'player': {'id': 5663, 'name': 'Jakub Błaszczykowski'}, 'position': {'id': 7, 'name': 'Right Wing Back'}, 'teammate': True}, {'location': [86.4, 30.9], 'player': {'id': 7033, 'name': 'Nikola Kalinić'}, 'position': {'id': 20, 'name': 'Left Attacking Midfield'}, 'teammate': True}, {'location': [99.5, 57.1], 'player': {'id': 7139, 'name': 'Josip Iličić'}, 'position': {'id': 18, 'name': 'Right Attacking Midfield'}, 'teammate': True}, {'location': [98.1, 45.3], 'player': {'id': 7141, 'name': 'Giuseppe Rossi'}, 'position': {'id': 23, 'name': 'Center Forward'}, 'teammate': True}, {'location': [77.3, 20.8], 'player': {'id': 11516, 'name': 'Manuel Pasqual'}, 'position': {'id': 8, 'name': 'Left Wing Back'}, 'teammate': True}]",44dac8ab-e47f-4986-b57f-da43cc1c8edf,,Off T,,0.006531791,Normal,Open Play,,,,Fiorentina,239,00:12:59.330,Shot,
,,,,,,,,,,,,,,,,,,,1.134292,,,,,,,,,,,,a75de8c8-eb47-4893-a340-e8c6dd8e1a3b,720,,,"[110.9, 33.5]",3879595,16,,,,,,,,,,,,,,,,,,,,,,,1,From Free Kick,Davide Astori,8275.0,Left Center Back,36,Fiorentina,239,"['c519d89a-7400-4d91-821f-0278afa5c6e7', 'e2257515-0e2a-4b01-a33b-8234c35ab673']",53,True,Head,,"[120.0, 33.5, 2.4]",,"[{'location': [118.2, 38.5], 'player': {'id': 8274, 'name': 'Pierluigi Gollini'}, 'position': {'id': 1, 'name': 'Goalkeeper'}, 'teammate': False}, {'location': [100.9, 50.8], 'player': {'id': 32119, 'name': 'Leandro Greco'}, 'position': {'id': 15, 'name': 'Left Center Midfield'}, 'teammate': False}, {'location': [107.9, 43.6], 'player': {'id': 11342, 'name': 'Eros Pisano'}, 'position': {'id': 2, 'name': 'Right Back'}, 'teammate': False}, {'location': [109.7, 44.5], 'player': {'id': 31488, 'name': 'Vangelis Moras'}, 'position': {'id': 5, 'name': 'Left Center Back'}, 'teammate': False}, {'location': [93.1, 31.5], 'player': {'id': 7020, 'name': 'Jacopo Sala'}, 'position': {'id': 17, 'name': 'Right Wing'}, 'teammate': False}, {'location': [110.6, 40.3], 'player': {'id': 386651, 'name': 'Juan Ignacio Gómez Taleb'}, 'position': {'id': 23, 'name': 'Center Forward'}, 'teammate': False}, {'location': [102.0, 36.8], 'player': {'id': 26442, 'name': 'Boško Janković'}, 'position': {'id': 21, 'name': 'Left Wing'}, 'teammate': False}, {'location': [108.6, 36.8], 'player': {'id': 5558, 'name': 'Rafael Márquez Álvarez'}, 'position': {'id': 3, 'name': 'Right Center Back'}, 'teammate': False}, {'location': [106.8, 33.5], 'player': {'id': 7949, 'name': 'Artur Ioniţă'}, 'position': {'id': 13, 'name': 'Right Center Midfield'}, 'teammate': False}, {'location': [111.5, 33.0], 'player': {'id': 7695, 'name': 'Samuel Souprayen'}, 'position': {'id': 6, 'name': 'Left Back'}, 'teammate': False}, {'location': [98.5, 51.0], 'player': {'id': 5663, 'name': 'Jakub Błaszczykowski'}, 'position': {'id': 7, 'name': 'Right Wing Back'}, 'teammate': True}, {'location': [106.8, 43.5], 'player': {'id': 25931, 'name': 'Gonzalo Javier Rodríguez'}, 'position': {'id': 4, 'name': 'Center Back'}, 'teammate': True}, {'location': [106.4, 32.7], 'player': {'id': 5255, 'name': 'Matías Vecino Falero'}, 'position': {'id': 11, 'name': 'Left Defensive Midfield'}, 'teammate': True}, {'location': [111.2, 43.0], 'player': {'id': 7033, 'name': 'Nikola Kalinić'}, 'position': {'id': 20, 'name': 'Left Attacking Midfield'}, 'teammate': True}, {'location': [104.6, 36.0], 'player': {'id': 7141, 'name': 'Giuseppe Rossi'}, 'position': {'id': 23, 'name': 'Center Forward'}, 'teammate': True}]",3b909da8-773e-477d-bddd-06b0b4b161c2,,Off T,,0.061865695,Normal,Open Play,,,,Fiorentina,239,00:16:53.012,Shot,True
,,,,,,,,,,,,,,,,,,,0.484746,,,,,,,,,,,,52d2c9ab-dfff-47a0-98ff-7a4b66c7b89a,975,,,"[110.9, 28.3]",3879595,22,,,,,,,,,,,,,,,,,,,,,,,1,From Free Kick,Nikola Kalinić,7033.0,Left Attacking Midfield,50,Fiorentina,239,"['2a4175d8-c126-4a61-9e89-c011dcb95a86', 'ed3625aa-3f9e-4207-b77c-56df4600e32e']",50,,Right Foot,,"[120.0, 34.8, 0.5]",,"[{'location': [110.2, 45.4], 'player': {'id': 5663, 'name': 'Jakub Błaszczykowski'}, 'position': {'id': 7, 'name': 'Right Wing Back'}, 'teammate': True}, {'location': [117.9, 32.6], 'player': {'id': 7139, 'name': 'Josip Iličić'}, 'position': {'id': 18, 'name': 'Right Attacking Midfield'}, 'teammate': True}, {'location': [107.2, 34.4], 'player': {'id': 7141, 'name': 'Giuseppe Rossi'}, 'position': {'id': 23, 'name': 'Center Forward'}, 'teammate': True}, {'location': [113.5, 33.4], 'player': {'id': 8274, 'name': 'Pierluigi Gollini'}, 'position': {'id': 1, 'name': 'Goalkeeper'}, 'teammate': False}, {'location': [104.3, 33.3], 'player': {'id': 26220, 'name': 'Matuzalém Francelino da Silva'}, 'position': {'id': 10, 'name': 'Center Defensive Midfield'}, 'teammate': False}, {'location': [114.3, 44.7], 'player': {'id': 26442, 'name': 'Boško Janković'}, 'position': {'id': 21, 'name': 'Left Wing'}, 'teammate': False}, {'location': [114.4, 39.8], 'player': {'id': 7695, 'name': 'Samuel Souprayen'}, 'position': {'id': 6, 'name': 'Left Back'}, 'teammate': False}, {'location': [115.3, 37.5], 'player': {'id': 31488, 'name': 'Vangelis Moras'}, 'position': {'id': 5, 'name': 'Left Center Back'}, 'teammate': False}, {'location': [108.6, 27.0], 'player': {'id': 7949, 'name': 'Artur Ioniţă'}, 'position': {'id': 13, 'name': 'Right Center Midfield'}, 'teammate': False}, {'location': [109.2, 31.6], 'player': {'id': 5558, 'name': 'Rafael Márquez Álvarez'}, 'position': {'id': 3, 'name': 'Right Center Back'}, 'teammate': False}, {'location': [112.4, 24.2], 'player': {'id': 11342, 'name': 'Eros Pisano'}, 'position': {'id': 2, 'name': 'Right Back'}, 'teammate': False}]",,,Off T,,0.17404681,Normal,Open Play,,,,Fiorentina,239,00:22:50.763,Shot,True
,,,,,,,,,,,,,,,,,,,0.112201,,,,,,,,,,,,73f0b523-4634-47d4-997e-202c8823c655,1056,,,"[116.3, 37.7]",3879595,24,,,,,,,,,,,,,,,,,,,,,,,1,Regular Play,Nikola Kalinić,7033.0,Left Attacking Midfield,52,Fiorentina,239,['bc432c8f-c243-490b-b371-271fa9d817e7'],27,,Right Foot,,"[117.6, 38.3, 0.6]",True,"[{'location': [117.6, 38.3], 'player': {'id': 8274, 'name': 'Pierluigi Gollini'}, 'position': {'id': 1, 'name': 'Goalkeeper'}, 'teammate': False}, {'location': [109.4, 44.6], 'player': {'id': 7695, 'name': 'Samuel Souprayen'}, 'position': {'id': 6, 'name': 'Left Back'}, 'teammate': False}, {'location': [108.8, 33.4], 'player': {'id': 26220, 'name': 'Matuzalém Francelino da Silva'}, 'position': {'id': 10, 'name': 'Center Defensive Midfield'}, 'teammate': False}, {'location': [114.5, 39.8], 'player': {'id': 31488, 'name': 'Vangelis Moras'}, 'position': {'id': 5, 'name': 'Left Center Back'}, 'teammate': False}, {'location': [114.5, 38.2], 'player': {'id': 5558, 'name': 'Rafael Márquez Álvarez'}, 'position': {'id': 3, 'name': 'Right Center Back'}, 'teammate': False}, {'location': [114.3, 30.7], 'player': {'id': 11342, 'name': 'Eros Pisano'}, 'position': {'id': 2, 'name': 'Right Back'}, 'teammate': False}, {'location': [113.0, 16.1], 'player': {'id': 7020, 'name': 'Jacopo Sala'}, 'position': {'id': 17, 'name': 'Right Wing'}, 'teammate': False}, {'location': [108.8, 47.0], 'player': {'id': 7139, 'name': 'Josip Iličić'}, 'position': {'id': 18, 'name': 'Right Attacking Midfield'}, 'teammate': True}, {'location': [110.1, 36.7], 'player': {'id': 7141, 'name': 'Giuseppe Rossi'}, 'position': {'id': 23, 'name': 'Center Forward'}, 'teammate': True}, {'location': [107.4, 11.5], 'player': {'id': 11516, 'name': 'Manuel Pasqual'}, 'position': {'id': 8, 'name': 'Left Wing Back'}, 'teammate': True}]",a463c5c8-7ee0-4b41-9717-d0ea99e222da,,Saved,,0.45519143,Volley,Open Play,,,,Fiorentina,239,00:24:27.650,Shot,
,,,,,,,,,,,,,,,,,,,0.034887,,,,,,,,,,,,6c2b7b94-7f62-454d-833d-21687a468284,1501,,,"[107.7, 46.1]",3879595,35,,,,,,,,,,,,,,,,,,,,,,,1,From Throw In,Boško Janković,26442.0,Left Wing,71,Hellas Verona,226,"['9d061a02-1f6f-484d-9359-839d73804f51', 'f75275e7-8f35-4a3e-8932-3e038d2147f1']",15,,Right Foot,True,"[118.6, 38.0, 1.0]",,"[{'location': [105.5, 71.4], 'player': {'id': 7020, 'name': 'Jacopo Sala'}, 'position': {'id': 17, 'name': 'Right Wing'}, 'teammate': True}, {'location': [108.3, 59.3], 'player': {'id': 7949, 'name': 'Artur Ioniţă'}, 'position': {'id': 13, 'name': 'Right Center Midfield'}, 'teammate': True}, {'location': [108.1, 52.1], 'player': {'id': 386651, 'name': 'Juan Ignacio Gómez Taleb'}, 'position': {'id': 23, 'name': 'Center Forward'}, 'teammate': True}, {'location': [94.6, 71.9], 'player': {'id': 11342, 'name': 'Eros Pisano'}, 'position': {'id': 2, 'name': 'Right Back'}, 'teammate': True}, {'location': [100.3, 47.4], 'player': {'id': 32119, 'name': 'Leandro Greco'}, 'position': {'id': 15, 'name': 'Left Center Midfield'}, 'teammate': True}, {'location': [103.2, 38.7], 'player': {'id': 7695, 'name': 'Samuel Souprayen'}, 'position': {'id': 6, 'name': 'Left Back'}, 'teammate': True}, {'location': [91.1, 59.7], 'player': {'id': 26220, 'name': 'Matuzalém Francelino da Silva'}, 'position': {'id': 10, 'name': 'Center Defensive Midfield'}, 'teammate': True}, {'location': [103.9, 40.6], 'player': {'id': 5663, 'name': 'Jakub Błaszczykowski'}, 'position': {'id': 7, 'name': 'Right Wing Back'}, 'teammate': False}, {'location': [109.0, 45.6], 'player': {'id': 25931, 'name': 'Gonzalo Javier Rodríguez'}, 'position': {'id': 4, 'name': 'Center Back'}, 'teammate': False}, {'location': [106.8, 65.0], 'player': {'id': 11516, 'name': 'Manuel Pasqual'}, 'position': {'id': 8, 'name': 'Left Wing Back'}, 'teammate': False}, {'location': [106.8, 59.1], 'player': {'id': 5255, 'name': 'Matías Vecino Falero'}, 'position': {'id': 11, 'name': 'Left Defensive Midfield'}, 'teammate': False}, {'location': [108.8, 52.8], 'player': {'id': 8275, 'name': 'Davide Astori'}, 'position': {'id': 5, 'name': 'Left Center Back'}, 'teammate': False}, {'location': [95.4, 66.4], 'player': {'id': 7033, 'name': 'Nikola Kalinić'}, 'position': {'id': 20, 'name': 'Left Attacking Midfield'}, 'teammate': False}, {'location': [109.0, 41.8], 'player': {'id': 6830, 'name': 'Facundo Sebastián Roncaglia'}, 'position': {'id': 3, 'name': 'Right Center Back'}, 'teammate': False}, {'location': [103.9, 50.4], 'player': {'id': 6997, 'name': 'Borja Valero Iglesias'}, 'position': {'id': 9, 'name': 'Right Defensive Midfield'}, 'teammate': False}, {'location': [92.5, 59.8], 'player': {'id': 7139, 'name': 'Josip Iličić'}, 'position': {'id': 18, 'name': 'Right Attacking Midfield'}, 'teammate': False}, {'location': [118.2, 41.9], 'player': {'id': 3112, 'name': 'Anton Ciprian Tătărușanu'}, 'position': {'id': 1, 'name': 'Goalkeeper'}, 'teammate': False}]",d225e1bf-270f-4a71-889f-fd12fdbadb4b,,Saved,,0.035193734,Overhead Kick,Open Play,,,,Hellas Verona,226,00:35:15.394,Shot,
,,,,,,,,,,,,,,,,,,,0.572097,,,,,,,,,,,,7eb4bc85-4f7b-41cf-a003-35c042cecebc,1507,,,"[110.8, 37.9]",3879595,35,,,,,,,,,,,,,,,,,,,,,,,1,From Corner,Boško Janković,26442.0,Left Wing,72,Hellas Verona,226,"['1b64fb5d-6dd2-4f3f-a9f3-5b7b928eeebd', 'f117598a-1bde-4804-b31e-7f2ad4a75b04']",59,True,Head,,"[115.0, 42.9]",,"[{'location': [114.6, 43.5], 'player': {'id': 11516, 'name': 'Manuel Pasqual'}, 'position': {'id': 8, 'name': 'Left Wing Back'}, 'teammate': False}, {'location': [112.6, 1.2], 'player': {'id': 32119, 'name': 'Leandro Greco'}, 'position': {'id': 15, 'name': 'Left Center Midfield'}, 'teammate': True}, {'location': [111.2, 38.7], 'player': {'id': 5255, 'name': 'Matías Vecino Falero'}, 'position': {'id': 11, 'name': 'Left Defensive Midfield'}, 'teammate': False}, {'location': [111.8, 37.6], 'player': {'id': 25931, 'name': 'Gonzalo Javier Rodríguez'}, 'position': {'id': 4, 'name': 'Center Back'}, 'teammate': False}, {'location': [116.1, 36.9], 'player': {'id': 6830, 'name': 'Facundo Sebastián Roncaglia'}, 'position': {'id': 3, 'name': 'Right Center Back'}, 'teammate': False}, {'location': [113.9, 36.4], 'player': {'id': 8275, 'name': 'Davide Astori'}, 'position': {'id': 5, 'name': 'Left Center Back'}, 'teammate': False}, {'location': [111.6, 32.7], 'player': {'id': 7033, 'name': 'Nikola Kalinić'}, 'position': {'id': 20, 'name': 'Left Attacking Midfield'}, 'teammate': False}, {'location': [105.8, 42.2], 'player': {'id': 6997, 'name': 'Borja Valero Iglesias'}, 'position': {'id': 9, 'name': 'Right Defensive Midfield'}, 'teammate': False}, {'location': [119.0, 38.4], 'player': {'id': 3112, 'name': 'Anton Ciprian Tătărușanu'}, 'position': {'id': 1, 'name': 'Goalkeeper'}, 'teammate': False}, {'location': [111.6, 36.2], 'player': {'id': 386651, 'name': 'Juan Ignacio Gómez Taleb'}, 'position': {'id': 23, 'name': 'Center Forward'}, 'teammate': True}, {'location': [110.6, 38.6], 'player': {'id': 7949, 'name': 'Artur Ioniţă'}, 'position': {'id': 13, 'name': 'Right Center Midfield'}, 'teammate': True}, {'location': [112.9, 34.3], 'player': {'id': 31488, 'name': 'Vangelis Moras'}, 'position': {'id': 5, 'name': 'Left Center Back'}, 'teammate': True}, {'location': [115.0, 45.0], 'player': {'id': 11342, 'name': 'Eros Pisano'}, 'position': {'id': 2, 'name': 'Right Back'}, 'teammate': True}]",2aa68121-8638-49d2-9642-28a7160b37c4,,Wayward,,0.062431395,Normal,Open Play,,,,Hellas Verona,226,00:35:59.249,Shot,True
,,,,,,,,,,,,,,,,,,,0.273868,,,,,,,,,,,,76d814d9-fa2c-4c98-84c2-0a247cf23ada,1592,,,"[94.4, 30.7]",3879595,39,,,,,,,,,,,,,,,,,,,,,,,1,From Free Kick,Josip Iličić,7139.0,Right Attacking Midfield,77,Fiorentina,239,"['7f6157ca-dfe1-458c-92a2-53f80eeefa14', 'f8673045-bf60-42ba-975b-a47fb11195b5']",21,,Left Foot,,"[105.3, 33.5]",,"[{'location': [104.6, 47.4], 'player': {'id': 7141, 'name': 'Giuseppe Rossi'}, 'position': {'id': 23, 'name': 'Center Forward'}, 'teammate': True}, {'location': [106.9, 39.1], 'player': {'id': 7033, 'name': 'Nikola Kalinić'}, 'position': {'id': 20, 'name': 'Left Attacking Midfield'}, 'teammate': True}, {'location': [104.3, 42.7], 'player': {'id': 5663, 'name': 'Jakub Błaszczykowski'}, 'position': {'id': 7, 'name': 'Right Wing Back'}, 'teammate': True}, {'location': [104.4, 38.5], 'player': {'id': 6997, 'name': 'Borja Valero Iglesias'}, 'position': {'id': 9, 'name': 'Right Defensive Midfield'}, 'teammate': True}, {'location': [104.4, 37.3], 'player': {'id': 25931, 'name': 'Gonzalo Javier Rodríguez'}, 'position': {'id': 4, 'name': 'Center Back'}, 'teammate': True}, {'location': [119.3, 41.4], 'player': {'id': 8274, 'name': 'Pierluigi Gollini'}, 'position': {'id': 1, 'name': 'Goalkeeper'}, 'teammate': False}, {'location': [105.9, 46.4], 'player': {'id': 5558, 'name': 'Rafael Márquez Álvarez'}, 'position': {'id': 3, 'name': 'Right Center Back'}, 'teammate': False}, {'location': [104.0, 43.6], 'player': {'id': 7949, 'name': 'Artur Ioniţă'}, 'position': {'id': 13, 'name': 'Right Center Midfield'}, 'teammate': False}, {'location': [105.8, 40.2], 'player': {'id': 7695, 'name': 'Samuel Souprayen'}, 'position': {'id': 6, 'name': 'Left Back'}, 'teammate': False}, {'location': [101.3, 41.9], 'player': {'id': 7020, 'name': 'Jacopo Sala'}, 'position': {'id': 17, 'name': 'Right Wing'}, 'teammate': False}, {'location': [103.1, 38.7], 'player': {'id': 26220, 'name': 'Matuzalém Francelino da Silva'}, 'position': {'id': 10, 'name': 'Center Defensive Midfield'}, 'teammate': False}, {'location': [104.7, 35.8], 'player': {'id': 386651, 'name': 'Juan Ignacio Gómez Taleb'}, 'position': {'id': 23, 'name': 'Center Forward'}, 'teammate': False}, {'location': [105.0, 35.0], 'player': {'id': 26442, 'name': 'Boško Janković'}, 'position': {'id': 21, 'name': 'Left Wing'}, 'teammate': False}, {'location': [105.2, 34.3], 'player': {'id': 31488, 'name': 'Vangelis Moras'}, 'position': {'id': 5, 'name': 'Left Center Back'}, 'teammate': False}, {'location': [105.3, 33.5], 'player': {'id': 32119, 'name': 'Leandro Greco'}, 'position': {'id': 15, 'name': 'Left Center Midfield'}, 'teammate': False}, {'location': [105.4, 32.0], 'player': {'id': 11342, 'name': 'Eros Pisano'}, 'position': {'id': 2, 'name': 'Right Back'}, 'teammate': False}, {'location': [94.3, 29.1], 'player': {'id': 5255, 'name': 'Matías Vecino Falero'}, 'position': {'id': 11, 'name': 'Left Defensive Midfield'}, 'teammate': True}]",,,Blocked,,0.05943206,Normal,Free Kick,,,,Fiorentina,239,00:39:21.134,Shot,
,,,,,,,,,,,,,,,,,,,0.19114,,,,,,,,,,,,684ba67f-9184-40c1-8b82-41a2db326a6a,2391,,,"[116.2, 42.7]",3879595,56,,,,,,,,,,,,,,,,,,,,,,,2,From Counter,Nikola Kalinić,7033.0,Left Attacking Midfield,121,Fiorentina,239,['b798d899-feb1-42a1-9e9d-fdc465a07d1d'],48,,Right Foot,,"[120.0, 42.5, 0.2]",True,"[{'location': [112.4, 41.2], 'player': {'id': 7695, 'name': 'Samuel Souprayen'}, 'position': {'id': 6, 'name': 'Left Back'}, 'teammate': False}, {'location': [115.4, 35.1], 'player': {'id': 31488, 'name': 'Vangelis Moras'}, 'position': {'id': 5, 'name': 'Left Center Back'}, 'teammate': False}, {'location': [113.3, 33.2], 'player': {'id': 5558, 'name': 'Rafael Márquez Álvarez'}, 'position': {'id': 3, 'name': 'Right Center Back'}, 'teammate': False}, {'location': [117.7, 24.3], 'player': {'id': 11342, 'name': 'Eros Pisano'}, 'position': {'id': 2, 'name': 'Right Back'}, 'teammate': False}, {'location': [119.2, 38.3], 'player': {'id': 8274, 'name': 'Pierluigi Gollini'}, 'position': {'id': 1, 'name': 'Goalkeeper'}, 'teammate': False}, {'location': [117.5, 22.8], 'player': {'id': 7141, 'name': 'Giuseppe Rossi'}, 'position': {'id': 23, 'name': 'Center Forward'}, 'teammate': True}, {'location': [111.5, 33.6], 'player': {'id': 7139, 'name': 'Josip Iličić'}, 'position': {'id': 18, 'name': 'Right Attacking Midfield'}, 'teammate': True}]",a30d4390-db0f-4dd7-8a31-c173da5ab4aa,True,Goal,,0.838006,Normal,Open Play,,,,Fiorentina,239,00:11:48.537,Shot,
,,,,,,,,,,,,,,,,,,,0.098377,,,,,,,,,,,,efbaca94-ce8a-4681-adea-450fe4d1385a,2856,,,"[105.4, 57.3]",3879595,68,,,,,,,,,,,,,,,,,,,,,,,2,Regular Play,Borja Valero Iglesias,6997.0,Left Midfield,141,Fiorentina,239,"['19b925fa-5e07-4fee-89fa-d7ca8110b2ad', '89fd5fde-1d16-4969-ad3d-f10c6abe56a1']",30,,Right Foot,,"[107.9, 54.6]",,"[{'location': [103.9, 53.7], 'player': {'id': 26220, 'name': 'Matuzalém Francelino da Silva'}, 'position': {'id': 10, 'name': 'Center Defensive Midfield'}, 'teammate': False}, {'location': [105.5, 47.1], 'player': {'id': 31488, 'name': 'Vangelis Moras'}, 'position': {'id': 5, 'name': 'Left Center Back'}, 'teammate': False}, {'location': [107.5, 40.1], 'player': {'id': 11342, 'name': 'Eros Pisano'}, 'position': {'id': 2, 'name': 'Right Back'}, 'teammate': False}, {'location': [94.5, 55.4], 'player': {'id': 32119, 'name': 'Leandro Greco'}, 'position': {'id': 15, 'name': 'Left Center Midfield'}, 'teammate': False}, {'location': [99.4, 42.8], 'player': {'id': 11494, 'name': 'Luca Siligardi'}, 'position': {'id': 13, 'name': 'Right Center Midfield'}, 'teammate': False}, {'location': [108.0, 54.7], 'player': {'id': 7695, 'name': 'Samuel Souprayen'}, 'position': {'id': 6, 'name': 'Left Back'}, 'teammate': False}, {'location': [104.3, 58.4], 'player': {'id': 5558, 'name': 'Rafael Márquez Álvarez'}, 'position': {'id': 3, 'name': 'Right Center Back'}, 'teammate': False}, {'location': [117.9, 43.0], 'player': {'id': 8274, 'name': 'Pierluigi Gollini'}, 'position': {'id': 1, 'name': 'Goalkeeper'}, 'teammate': False}, {'location': [106.0, 37.3], 'player': {'id': 7139, 'name': 'Josip Iličić'}, 'position': {'id': 19, 'name': 'Center Attacking Midfield'}, 'teammate': True}, {'location': [105.9, 54.1], 'player': {'id': 7033, 'name': 'Nikola Kalinić'}, 'position': {'id': 23, 'name': 'Center Forward'}, 'teammate': True}, {'location': [96.9, 64.5], 'player': {'id': 7777, 'name': 'Federico Bernardeschi'}, 'position': {'id': 12, 'name': 'Right Midfield'}, 'teammate': True}]",5f415af3-9d42-4a80-b005-537582d1cabb,,Blocked,,0.024413832,Normal,Open Play,,,,Fiorentina,239,00:23:30.845,Shot,
